{
  "language": "Solidity",
  "settings": {
    "optimizer": {
      "enabled": true,
      "runs": 100
    }
  },
  "sources": {
    "contracts/src/Administrable.sol": {
      "content": "//SPDX-License-Identifier: BUSL-1.1\npragma solidity 0.8.10;\n\nimport \"./interfaces/IAdministrable.sol\";\n\nimport \"./libraries/LibAdministrable.sol\";\nimport \"./libraries/LibSanitize.sol\";\n\n/// @title Administrable\n/// @author Kiln\n/// @notice This contract handles the administration of the contracts\nabstract contract Administrable is IAdministrable {\n    /// @notice Prevents unauthorized calls\n    modifier onlyAdmin() {\n        if (msg.sender != LibAdministrable._getAdmin()) {\n            revert LibErrors.Unauthorized(msg.sender);\n        }\n        _;\n    }\n\n    /// @notice Prevents unauthorized calls\n    modifier onlyPendingAdmin() {\n        if (msg.sender != LibAdministrable._getPendingAdmin()) {\n            revert LibErrors.Unauthorized(msg.sender);\n        }\n        _;\n    }\n\n    /// @inheritdoc IAdministrable\n    function getAdmin() external view returns (address) {\n        return LibAdministrable._getAdmin();\n    }\n\n    /// @inheritdoc IAdministrable\n    function getPendingAdmin() external view returns (address) {\n        return LibAdministrable._getPendingAdmin();\n    }\n\n    /// @inheritdoc IAdministrable\n    function proposeAdmin(address _newAdmin) external onlyAdmin {\n        _setPendingAdmin(_newAdmin);\n    }\n\n    /// @inheritdoc IAdministrable\n    function acceptAdmin() external onlyPendingAdmin {\n        _setAdmin(LibAdministrable._getPendingAdmin());\n        _setPendingAdmin(address(0));\n    }\n\n    /// @notice Internal utility to set the admin address\n    /// @param _admin Address to set as admin\n    function _setAdmin(address _admin) internal {\n        LibSanitize._notZeroAddress(_admin);\n        LibAdministrable._setAdmin(_admin);\n        emit SetAdmin(_admin);\n    }\n\n    /// @notice Internal utility to set the pending admin address\n    /// @param _pendingAdmin Address to set as pending admin\n    function _setPendingAdmin(address _pendingAdmin) internal {\n        LibAdministrable._setPendingAdmin(_pendingAdmin);\n        emit SetPendingAdmin(_pendingAdmin);\n    }\n\n    /// @notice Internal utility to retrieve the address of the current admin\n    /// @return The address of admin\n    function _getAdmin() internal view returns (address) {\n        return LibAdministrable._getAdmin();\n    }\n}\n"
    },
    "contracts/src/Allowlist.1.sol": {
      "content": "//SPDX-License-Identifier: BUSL-1.1\npragma solidity 0.8.10;\n\nimport \"./interfaces/IAllowlist.1.sol\";\n\nimport \"./Initializable.sol\";\nimport \"./Administrable.sol\";\n\nimport \"./state/allowlist/AllowerAddress.sol\";\nimport \"./state/allowlist/Allowlist.sol\";\n\n/// @title Allowlist (v1)\n/// @author Kiln\n/// @notice This contract handles the list of allowed recipients.\n/// @notice All accounts have an uint256 value associated with their addresses where\n/// @notice each bit represents a right in the system. The DENY_MASK defined the mask\n/// @notice used to identify if the denied bit is on, preventing users from interacting\n/// @notice with the system\ncontract AllowlistV1 is IAllowlistV1, Initializable, Administrable {\n    /// @notice Mask used for denied accounts\n    uint256 internal constant DENY_MASK = 0x1 \u003c\u003c 255;\n\n    /// @inheritdoc IAllowlistV1\n    function initAllowlistV1(address _admin, address _allower) external init(0) {\n        _setAdmin(_admin);\n        AllowerAddress.set(_allower);\n        emit SetAllower(_allower);\n    }\n\n    /// @inheritdoc IAllowlistV1\n    function getAllower() external view returns (address) {\n        return AllowerAddress.get();\n    }\n\n    /// @inheritdoc IAllowlistV1\n    function isAllowed(address _account, uint256 _mask) external view returns (bool) {\n        uint256 userPermissions = Allowlist.get(_account);\n        if (userPermissions \u0026 DENY_MASK == DENY_MASK) {\n            return false;\n        }\n        return userPermissions \u0026 _mask == _mask;\n    }\n\n    /// @inheritdoc IAllowlistV1\n    function isDenied(address _account) external view returns (bool) {\n        return Allowlist.get(_account) \u0026 DENY_MASK == DENY_MASK;\n    }\n\n    /// @inheritdoc IAllowlistV1\n    function hasPermission(address _account, uint256 _mask) external view returns (bool) {\n        return Allowlist.get(_account) \u0026 _mask == _mask;\n    }\n\n    /// @inheritdoc IAllowlistV1\n    function getPermissions(address _account) external view returns (uint256) {\n        return Allowlist.get(_account);\n    }\n\n    /// @inheritdoc IAllowlistV1\n    function onlyAllowed(address _account, uint256 _mask) external view {\n        uint256 userPermissions = Allowlist.get(_account);\n        if (userPermissions \u0026 DENY_MASK == DENY_MASK) {\n            revert Denied(_account);\n        }\n        if (userPermissions \u0026 _mask != _mask) {\n            revert LibErrors.Unauthorized(_account);\n        }\n    }\n\n    /// @inheritdoc IAllowlistV1\n    function setAllower(address _newAllowerAddress) external onlyAdmin {\n        AllowerAddress.set(_newAllowerAddress);\n        emit SetAllower(_newAllowerAddress);\n    }\n\n    /// @inheritdoc IAllowlistV1\n    function allow(address[] calldata _accounts, uint256[] calldata _permissions) external {\n        if (msg.sender != AllowerAddress.get() \u0026\u0026 msg.sender != _getAdmin()) {\n            revert LibErrors.Unauthorized(msg.sender);\n        }\n\n        if (_accounts.length == 0) {\n            revert InvalidAlloweeCount();\n        }\n\n        if (_accounts.length != _permissions.length) {\n            revert MismatchedAlloweeAndStatusCount();\n        }\n\n        for (uint256 i = 0; i \u003c _accounts.length;) {\n            LibSanitize._notZeroAddress(_accounts[i]);\n            Allowlist.set(_accounts[i], _permissions[i]);\n            unchecked {\n                ++i;\n            }\n        }\n\n        emit SetAllowlistPermissions(_accounts, _permissions);\n    }\n}\n"
    },
    "contracts/src/Initializable.sol": {
      "content": "//SPDX-License-Identifier: BUSL-1.1\npragma solidity 0.8.10;\n\nimport \"./state/shared/Version.sol\";\n\n/// @title Initializable\n/// @author Kiln\n/// @notice This contract ensures that initializers are called only once per version\ncontract Initializable {\n    /// @notice An error occured during the initialization\n    /// @param version The version that was attempting to be initialized\n    /// @param expectedVersion The version that was expected\n    error InvalidInitialization(uint256 version, uint256 expectedVersion);\n\n    /// @notice Emitted when the contract is properly initialized\n    /// @param version New version of the contracts\n    /// @param cdata Complete calldata that was used during the initialization\n    event Initialize(uint256 version, bytes cdata);\n\n    /// @notice Use this modifier on initializers along with a hard-coded version number\n    /// @param _version Version to initialize\n    modifier init(uint256 _version) {\n        if (_version != Version.get()) {\n            revert InvalidInitialization(_version, Version.get());\n        }\n        Version.set(_version + 1); // prevents reentrency on the called method\n        _;\n        emit Initialize(_version, msg.data);\n    }\n}\n"
    },
    "contracts/src/interfaces/IAdministrable.sol": {
      "content": "//SPDX-License-Identifier: BUSL-1.1\npragma solidity 0.8.10;\n\n/// @title Administrable Interface\n/// @author Kiln\n/// @notice This interface exposes methods to handle the ownership of the contracts\ninterface IAdministrable {\n    /// @notice The pending admin address changed\n    /// @param pendingAdmin New pending admin address\n    event SetPendingAdmin(address indexed pendingAdmin);\n\n    /// @notice The admin address changed\n    /// @param admin New admin address\n    event SetAdmin(address indexed admin);\n\n    /// @notice Retrieves the current admin address\n    /// @return The admin address\n    function getAdmin() external view returns (address);\n\n    /// @notice Retrieve the current pending admin address\n    /// @return The pending admin address\n    function getPendingAdmin() external view returns (address);\n\n    /// @notice Proposes a new address as admin\n    /// @dev This security prevents setting an invalid address as an admin. The pending\n    /// @dev admin has to claim its ownership of the contract, and prove that the new\n    /// @dev address is able to perform regular transactions.\n    /// @param _newAdmin New admin address\n    function proposeAdmin(address _newAdmin) external;\n\n    /// @notice Accept the transfer of ownership\n    /// @dev Only callable by the pending admin. Resets the pending admin if succesful.\n    function acceptAdmin() external;\n}\n"
    },
    "contracts/src/interfaces/IAllowlist.1.sol": {
      "content": "//SPDX-License-Identifier: BUSL-1.1\npragma solidity 0.8.10;\n\n/// @title Allowlist Interface (v1)\n/// @author Kiln\n/// @notice This interface exposes methods to handle the list of allowed recipients.\ninterface IAllowlistV1 {\n    /// @notice The permissions of several accounts have changed\n    /// @param accounts List of accounts\n    /// @param permissions New permissions for each account at the same index\n    event SetAllowlistPermissions(address[] indexed accounts, uint256[] permissions);\n\n    /// @notice The stored allower address has been changed\n    /// @param allower The new allower address\n    event SetAllower(address indexed allower);\n\n    /// @notice The provided accounts list is empty\n    error InvalidAlloweeCount();\n\n    /// @notice The account is denied access\n    /// @param _account The denied account\n    error Denied(address _account);\n\n    /// @notice The provided accounts and permissions list have different lengths\n    error MismatchedAlloweeAndStatusCount();\n\n    /// @notice Initializes the allowlist\n    /// @param _admin Address of the Allowlist administrator\n    /// @param _allower Address of the allower\n    function initAllowlistV1(address _admin, address _allower) external;\n\n    /// @notice Retrieves the allower address\n    /// @return The address of the allower\n    function getAllower() external view returns (address);\n\n    /// @notice This method returns true if the user has the expected permission and\n    ///         is not in the deny list\n    /// @param _account Recipient to verify\n    /// @param _mask Combination of permissions to verify\n    /// @return True if mask is respected and user is allowed\n    function isAllowed(address _account, uint256 _mask) external view returns (bool);\n\n    /// @notice This method returns true if the user is in the deny list\n    /// @param _account Recipient to verify\n    /// @return True if user is denied access\n    function isDenied(address _account) external view returns (bool);\n\n    /// @notice This method returns true if the user has the expected permission\n    ///         ignoring any deny list membership\n    /// @param _account Recipient to verify\n    /// @param _mask Combination of permissions to verify\n    /// @return True if mask is respected\n    function hasPermission(address _account, uint256 _mask) external view returns (bool);\n\n    /// @notice This method retrieves the raw permission value\n    /// @param _account Recipient to verify\n    /// @return The raw permissions value of the account\n    function getPermissions(address _account) external view returns (uint256);\n\n    /// @notice This method should be used as a modifier and is expected to revert\n    ///         if the user hasn't got the required permission or if the user is\n    ///         in the deny list.\n    /// @param _account Recipient to verify\n    /// @param _mask Combination of permissions to verify\n    function onlyAllowed(address _account, uint256 _mask) external view;\n\n    /// @notice Changes the allower address\n    /// @param _newAllowerAddress New address allowed to edit the allowlist\n    function setAllower(address _newAllowerAddress) external;\n\n    /// @notice Sets the allowlisting status for one or more accounts\n    /// @dev The permission value is overridden and not updated\n    /// @param _accounts Accounts with statuses to edit\n    /// @param _permissions Allowlist permissions for each account, in the same order as _accounts\n    function allow(address[] calldata _accounts, uint256[] calldata _permissions) external;\n}\n"
    },
    "contracts/src/libraries/LibAdministrable.sol": {
      "content": "//SPDX-License-Identifier: MIT\npragma solidity 0.8.10;\n\nimport \"../state/shared/AdministratorAddress.sol\";\nimport \"../state/shared/PendingAdministratorAddress.sol\";\n\n/// @title Lib Administrable\n/// @author Kiln\n/// @notice This library handles the admin and pending admin storage vars\nlibrary LibAdministrable {\n    /// @notice Retrieve the system admin\n    /// @return The address of the system admin\n    function _getAdmin() internal view returns (address) {\n        return AdministratorAddress.get();\n    }\n\n    /// @notice Retrieve the pending system admin\n    /// @return The adress of the pending system admin\n    function _getPendingAdmin() internal view returns (address) {\n        return PendingAdministratorAddress.get();\n    }\n\n    /// @notice Sets the system admin\n    /// @param _admin New system admin\n    function _setAdmin(address _admin) internal {\n        AdministratorAddress.set(_admin);\n    }\n\n    /// @notice Sets the pending system admin\n    /// @param _pendingAdmin New pending system admin\n    function _setPendingAdmin(address _pendingAdmin) internal {\n        PendingAdministratorAddress.set(_pendingAdmin);\n    }\n}\n"
    },
    "contracts/src/libraries/LibBasisPoints.sol": {
      "content": "//SPDX-License-Identifier: BUSL-1.1\npragma solidity 0.8.10;\n\n/// @title Lib Basis Points\n/// @notice Holds the basis points max value\nlibrary LibBasisPoints {\n    /// @notice The max value for basis points (represents 100%)\n    uint256 internal constant BASIS_POINTS_MAX = 10_000;\n}\n"
    },
    "contracts/src/libraries/LibErrors.sol": {
      "content": "//SPDX-License-Identifier: MIT\npragma solidity 0.8.10;\n\n/// @title Lib Errors\n/// @notice Library of common errors\nlibrary LibErrors {\n    /// @notice The operator is unauthorized for the caller\n    /// @param caller Addres performing the call\n    error Unauthorized(address caller);\n\n    /// @notice The call was invalid\n    error InvalidCall();\n\n    /// @notice The argument was invalid\n    error InvalidArgument();\n\n    /// @notice The address is zero\n    error InvalidZeroAddress();\n\n    /// @notice The string is empty\n    error InvalidEmptyString();\n\n    /// @notice The fee is invalid\n    error InvalidFee();\n}\n"
    },
    "contracts/src/libraries/LibSanitize.sol": {
      "content": "//SPDX-License-Identifier: MIT\npragma solidity 0.8.10;\n\nimport \"./LibErrors.sol\";\nimport \"./LibBasisPoints.sol\";\n\n/// @title Lib Sanitize\n/// @notice Utilities to sanitize input values\nlibrary LibSanitize {\n    /// @notice Reverts if address is 0\n    /// @param _address Address to check\n    function _notZeroAddress(address _address) internal pure {\n        if (_address == address(0)) {\n            revert LibErrors.InvalidZeroAddress();\n        }\n    }\n\n    /// @notice Reverts if string is empty\n    /// @param _string String to check\n    function _notEmptyString(string memory _string) internal pure {\n        if (bytes(_string).length == 0) {\n            revert LibErrors.InvalidEmptyString();\n        }\n    }\n\n    /// @notice Reverts if fee is invalid\n    /// @param _fee Fee to check\n    function _validFee(uint256 _fee) internal pure {\n        if (_fee \u003e LibBasisPoints.BASIS_POINTS_MAX) {\n            revert LibErrors.InvalidFee();\n        }\n    }\n}\n"
    },
    "contracts/src/libraries/LibUnstructuredStorage.sol": {
      "content": "// SPDX-License-Identifier:    MIT\n\npragma solidity 0.8.10;\n\n/// @title Lib Unstructured Storage\n/// @notice Utilities to work with unstructured storage\nlibrary LibUnstructuredStorage {\n    /// @notice Retrieve a bool value at a storage slot\n    /// @param _position The storage slot to retrieve\n    /// @return data The bool value\n    function getStorageBool(bytes32 _position) internal view returns (bool data) {\n        // solhint-disable-next-line no-inline-assembly\n        assembly {\n            data := sload(_position)\n        }\n    }\n\n    /// @notice Retrieve an address value at a storage slot\n    /// @param _position The storage slot to retrieve\n    /// @return data The address value\n    function getStorageAddress(bytes32 _position) internal view returns (address data) {\n        // solhint-disable-next-line no-inline-assembly\n        assembly {\n            data := sload(_position)\n        }\n    }\n\n    /// @notice Retrieve a bytes32 value at a storage slot\n    /// @param _position The storage slot to retrieve\n    /// @return data The bytes32 value\n    function getStorageBytes32(bytes32 _position) internal view returns (bytes32 data) {\n        // solhint-disable-next-line no-inline-assembly\n        assembly {\n            data := sload(_position)\n        }\n    }\n\n    /// @notice Retrieve an uint256 value at a storage slot\n    /// @param _position The storage slot to retrieve\n    /// @return data The uint256 value\n    function getStorageUint256(bytes32 _position) internal view returns (uint256 data) {\n        // solhint-disable-next-line no-inline-assembly\n        assembly {\n            data := sload(_position)\n        }\n    }\n\n    /// @notice Sets a bool value at a storage slot\n    /// @param _position The storage slot to set\n    /// @param _data The bool value to set\n    function setStorageBool(bytes32 _position, bool _data) internal {\n        // solhint-disable-next-line no-inline-assembly\n        assembly {\n            sstore(_position, _data)\n        }\n    }\n\n    /// @notice Sets an address value at a storage slot\n    /// @param _position The storage slot to set\n    /// @param _data The address value to set\n    function setStorageAddress(bytes32 _position, address _data) internal {\n        // solhint-disable-next-line no-inline-assembly\n        assembly {\n            sstore(_position, _data)\n        }\n    }\n\n    /// @notice Sets a bytes32 value at a storage slot\n    /// @param _position The storage slot to set\n    /// @param _data The bytes32 value to set\n    function setStorageBytes32(bytes32 _position, bytes32 _data) internal {\n        // solhint-disable-next-line no-inline-assembly\n        assembly {\n            sstore(_position, _data)\n        }\n    }\n\n    /// @notice Sets an uint256 value at a storage slot\n    /// @param _position The storage slot to set\n    /// @param _data The uint256 value to set\n    function setStorageUint256(bytes32 _position, uint256 _data) internal {\n        // solhint-disable-next-line no-inline-assembly\n        assembly {\n            sstore(_position, _data)\n        }\n    }\n}\n"
    },
    "contracts/src/state/allowlist/AllowerAddress.sol": {
      "content": "//SPDX-License-Identifier: BUSL-1.1\npragma solidity 0.8.10;\n\nimport \"../../libraries/LibUnstructuredStorage.sol\";\nimport \"../../libraries/LibSanitize.sol\";\n\n/// @title Allower Address Storage\n/// @notice Utility to manage the Allower Address in storage\nlibrary AllowerAddress {\n    /// @notice Storage slot of the Allower Address\n    bytes32 internal constant ALLOWER_ADDRESS_SLOT = bytes32(uint256(keccak256(\"river.state.allowerAddress\")) - 1);\n\n    /// @notice Retrieve the Allower Address\n    /// @return The Allower Address\n    function get() internal view returns (address) {\n        return LibUnstructuredStorage.getStorageAddress(ALLOWER_ADDRESS_SLOT);\n    }\n\n    /// @notice Sets the Allower Address\n    /// @param _newValue New Allower Address\n    function set(address _newValue) internal {\n        LibSanitize._notZeroAddress(_newValue);\n        LibUnstructuredStorage.setStorageAddress(ALLOWER_ADDRESS_SLOT, _newValue);\n    }\n}\n"
    },
    "contracts/src/state/allowlist/Allowlist.sol": {
      "content": "//SPDX-License-Identifier: BUSL-1.1\npragma solidity 0.8.10;\n\n/// @title Allowlist Storage\n/// @notice Utility to manage the Allowlist mapping in storage\nlibrary Allowlist {\n    /// @notice Storage slot of the Allowlist mapping\n    bytes32 internal constant ALLOWLIST_SLOT = bytes32(uint256(keccak256(\"river.state.allowlist\")) - 1);\n\n    /// @notice Structure stored in storage slot\n    struct Slot {\n        /// @custom:attribute Mapping keeping track of permissions per account\n        mapping(address =\u003e uint256) value;\n    }\n\n    /// @notice Retrieve the Allowlist value of an account\n    /// @param _account The account to verify\n    /// @return The Allowlist value\n    function get(address _account) internal view returns (uint256) {\n        bytes32 slot = ALLOWLIST_SLOT;\n\n        Slot storage r;\n\n        // solhint-disable-next-line no-inline-assembly\n        assembly {\n            r.slot := slot\n        }\n\n        return r.value[_account];\n    }\n\n    /// @notice Sets the Allowlist value of an account\n    /// @param _account The account value to set\n    /// @param _status The value to set\n    function set(address _account, uint256 _status) internal {\n        bytes32 slot = ALLOWLIST_SLOT;\n\n        Slot storage r;\n\n        // solhint-disable-next-line no-inline-assembly\n        assembly {\n            r.slot := slot\n        }\n\n        r.value[_account] = _status;\n    }\n}\n"
    },
    "contracts/src/state/shared/AdministratorAddress.sol": {
      "content": "//SPDX-License-Identifier: MIT\npragma solidity 0.8.10;\n\nimport \"../../libraries/LibUnstructuredStorage.sol\";\nimport \"../../libraries/LibSanitize.sol\";\n\n/// @title Administrator Address Storage\n/// @notice Utility to manage the Administrator Address in storage\nlibrary AdministratorAddress {\n    /// @notice Storage slot of the Administrator Address\n    bytes32 public constant ADMINISTRATOR_ADDRESS_SLOT =\n        bytes32(uint256(keccak256(\"river.state.administratorAddress\")) - 1);\n\n    /// @notice Retrieve the Administrator Address\n    /// @return The Administrator Address\n    function get() internal view returns (address) {\n        return LibUnstructuredStorage.getStorageAddress(ADMINISTRATOR_ADDRESS_SLOT);\n    }\n\n    /// @notice Sets the Administrator Address\n    /// @param _newValue New Administrator Address\n    function set(address _newValue) internal {\n        LibSanitize._notZeroAddress(_newValue);\n        LibUnstructuredStorage.setStorageAddress(ADMINISTRATOR_ADDRESS_SLOT, _newValue);\n    }\n}\n"
    },
    "contracts/src/state/shared/PendingAdministratorAddress.sol": {
      "content": "//SPDX-License-Identifier: MIT\npragma solidity 0.8.10;\n\nimport \"../../libraries/LibUnstructuredStorage.sol\";\n\n/// @title Pending Administrator Address Storage\n/// @notice Utility to manage the Pending Administrator Address in storage\nlibrary PendingAdministratorAddress {\n    /// @notice Storage slot of the Pending Administrator Address\n    bytes32 public constant PENDING_ADMINISTRATOR_ADDRESS_SLOT =\n        bytes32(uint256(keccak256(\"river.state.pendingAdministratorAddress\")) - 1);\n\n    /// @notice Retrieve the Pending Administrator Address\n    /// @return The Pending Administrator Address\n    function get() internal view returns (address) {\n        return LibUnstructuredStorage.getStorageAddress(PENDING_ADMINISTRATOR_ADDRESS_SLOT);\n    }\n\n    /// @notice Sets the Pending Administrator Address\n    /// @param _newValue New Pending Administrator Address\n    function set(address _newValue) internal {\n        LibUnstructuredStorage.setStorageAddress(PENDING_ADMINISTRATOR_ADDRESS_SLOT, _newValue);\n    }\n}\n"
    },
    "contracts/src/state/shared/Version.sol": {
      "content": "//SPDX-License-Identifier: BUSL-1.1\npragma solidity 0.8.10;\n\nimport \"../../libraries/LibUnstructuredStorage.sol\";\n\n/// @title Version Storage\n/// @notice Utility to manage the Version in storage\nlibrary Version {\n    /// @notice Storage slot of the Version\n    bytes32 public constant VERSION_SLOT = bytes32(uint256(keccak256(\"river.state.version\")) - 1);\n\n    /// @notice Retrieve the Version\n    /// @return The Version\n    function get() internal view returns (uint256) {\n        return LibUnstructuredStorage.getStorageUint256(VERSION_SLOT);\n    }\n\n    /// @notice Sets the Version\n    /// @param _newValue New Version\n    function set(uint256 _newValue) internal {\n        LibUnstructuredStorage.setStorageUint256(VERSION_SLOT, _newValue);\n    }\n}\n"
    }
  }
}